﻿<?xml version="1.0" encoding="utf-8"?>
<resources>

    <!-- invitation -->
    <string name="zh_ch_title_invite">Facebook Invitation</string>
    <string name="zh_ch_button_send_invite">Facebook Invitation</string>
    <string name="zh_ch_button_check_rewards">Facebook Invitation</string>
    <string name="zh_ch_title_nums">Facebook Invitation</string>
    <string name="zh_ch_title_introduce">Facebook Invitation</string>
    <!-- bill -->
    <string name="zh_ch_cancel">取消</string>
    <string name="zh_ch_buy">购买</string>
    <string name="zh_ch_text_one">确认要用Google Wallet 以</string>
    <string name="zh_ch_text_two"></string>
    <string name="zh_ch_text_three">的价格购买</string>
    <string name="zh_ch_text_four"> 吗?</string>
    <string name="zh_ch_payone">USD 0.99  = 60 钻石</string>
    <string name="zh_ch_paytwo">USD 4.99  = 300 钻石</string>
    <string name="zh_ch_paythree">USD 9.99  = 600 钻石</string>
    <string name="zh_ch_payfour">USD 49.99 = 3050 钻石</string>
    <string name="zh_ch_payfive">USD 99.99 = 6200 钻石</string>
    <!-- button -->
    <string name="zh_ch_button_facebook">Facebook账号登陆</string>
    <string name="zh_ch_button_mac">开始游戏</string>
    <string name="zh_ch_button_for_more_account">普通账号登陆</string>
    <string name="zh_ch_button_login_btn">登 陆</string>
    <string name="zh_ch_button_register_text_1">没有账号? </string>
    <string name="zh_ch_button_register_text_2">立即注册</string>
    <string name="zh_ch_button_register_btn">注 册</string>
    <string name="zh_ch_button_reset_pwd_btn">重 设 密 码</string>
    <string name="zh_ch_button_retrieve_pwd_btn">找 回 密 码</string>
    <string name="zh_ch_button_bind_account_btn">绑 定 账 号</string>
    <string name="zh_ch_button_bind_mac_btn">绑定免注册</string>
    <string name="zh_ch_button_bind_fb_btn">绑定Facebook</string>
    <!-- title -->
    <string name="zh_ch_title_google">G o o g l e</string>
    <string name="zh_ch_title_web">W e b s i t e</string>
    <string name="zh_ch_title_login">登  陆</string>
    <string name="zh_ch_title_register">注  册</string>
    <string name="zh_ch_title_reset_pwd">重  设  密  码</string>
    <string name="zh_ch_title_retrieve_pwd">找  回  密  码</string>
    <string name="zh_ch_title_bind_account">绑  定  账  号</string>
    <!-- SDK -->
    <string name="zh_ch_hint_account">账号</string>
    <string name="zh_ch_hint_password">密码</string>
    <string name="zh_ch_hint_old_password">原始密码</string>
    <string name="zh_ch_hint_cnew_password">确认新密码</string>
    <string name="zh_ch_hint_confirn_password">重复密码</string>
    <string name="zh_ch_hint_email">Email(选填)</string>
    <string name="zh_ch_hint_forget_email">注册Email</string>
    <string name="zh_ch_hint_email_address">Email(可用于找回密码)</string>
    <string name="zh_ch_hint_new_password">新密码</string>
    <string name="zh_ch_hint_confirm_new_password">确认新密码</string>
    <string name="zh_ch_progress_msg">加载中&#8230;</string>
    <string name="zh_ch_notify_internet_time_out">连接服务器超时</string>
    <string name="zh_ch_toast_empty_account">请输入账号</string>
    <string name="zh_ch_toast_empty_password">请输入密码</string>
    <string name="zh_ch_toast_empty_confirm_password">请重复输入密码</string>
    <string name="zh_ch_toast_empty_old_password">请输入原始密码</string>
    <string name="zh_ch_toast_empty_new_password">请输入新密码</string>
    <string name="zh_ch_toast_empty_confirm_new_password">请确认新密码</string>
    <string name="zh_ch_toast_empty_email">请输入Email</string>
    <string name="zh_ch_toast_frond_behind_password_different">前后密码不一致,请重新输入</string>
    <string name="zh_ch_toast_login_format_error">账号不能已 09,efun,yh开头.如不符合条件，请重新输入！</string>
    <string name="zh_ch_toast_email_match">邮箱格式错误</string>
    <!-- SDK bind facebook -->
    <string name="zh_ch_toast_bind_facebook_user_other_account">请先登录您想要绑定的facebook账号.</string>
    <string name="zh_ch_toast_bind_facebook_user_this_account_title">您当前登录的facebook账户是 %1$s. 是否绑定?</string>

    <!-- 谷歌储值错误提示 -->
    <string name="zh_ch_efunGoogleServerError">访问服务器超时，请稍后再试</string>
    <string name="zh_ch_efunGoogleBuyFailError">储值失败</string>
    <string name="zh_ch_efunGoogleStoreError">您所在的地区不支持google钱包</string>
    <!-- 谷歌购买提示 -->
    <string name="zh_ch_efunGooglePlaySelectNothing">请选择一项商品</string>

    <!-- 邀请好友提示信息 -->
    <string name="zh_ch_efun_introduce_message">点击Facebook图标进入官方论坛</string>
    <string name="zh_ch_efun_introduce_message_landscape">点击链接到Facebook粉丝页.</string>
    <string name="zh_ch_efun_invite_message">加入我们</string>
    <string name="zh_ch_Facebook">Facebook</string>
    <string name="zh_ch_efun_invite_fans">粉丝页</string>
    <string name="zh_ch_efun_invite_prize">朋友</string>
    <string name="zh_ch_efun_invite_prize_1">邀请奖励</string>
    <string name="zh_ch_efun_invite_check">奖励</string>
    <string name="zh_ch_efun_invite_friendlist">朋友邀请</string>
    <string name="zh_ch_efun_invited_count"> %s</string>
    <string name="zh_ch_efun_invite_send_request">发送邀请</string>
    <string name="zh_ch_efun_invite_condition">要求：</string>
    <string name="zh_ch_efun_invite_reward">奖励：</string>
    <string name="zh_ch_efun_invite_title">邀请朋友</string>
    <string name="zh_ch_efun_over50_notic">单次邀请好友数量不能超过50 </string>
    <string name="zh_ch_efun_over_cycletimes_notic1">每日邀请好友上限为%， 请明天再邀请</string>
    <string name="zh_ch_efun_over_cycletimes_notic2">邀请发送失败，今日剩余数量为%1$s. 目前邀请数量为%2$s. </string>
    <string name="zh_ch_efun_fb_canceled">取消请求</string>
    <string name="zh_ch_efun_fb_error">网络错误</string>
    <string name="zh_ch_efun_repeat_notic">被邀请过的好友将不再出现</string>
    <string name="zh_ch_efun_nofriend_notic">所有好友全部邀请完毕</string>
    <string name="zh_ch_efun_invite_fail">好友邀请失败，请再次邀请</string>
    <string name="zh_ch_efun_FB_login_fail">Facebook 登陆失败</string>
    <string name="zh_ch_efun_loading_friendlist">获得好友列表</string>
    <string name="zh_ch_efun_not_select_notic">请选择好友</string>
    <string name="zh_ch_efun_invite_success">好友邀请成功</string>
    <string name="zh_ch_efun_reward_success">奖励已领取</string>
    <string name="zh_ch_efun_reward_fail">奖励领取失败</string>
    <string name="zh_ch_efun_reward_condition_not_reach">还未达到领取要求</string>


</resources>