<?xml version="1.0" encoding="utf-8"?>
<resources>
    
    <color name="e_fortumo_coinsvalue_color">#FFD317</color>
    <color name="e_fortumo_gamecurrency_color">#077870</color>
    
    <string name="e_fortumo_gamecurrency">золота</string>
    <string name="e_fortumo_gameurl">http://vk.com/ww3tank</string>
    
    <!-- 游戏币 -->
    <string-array name="e_fortumo_gamecurrency_ru">
        <item >60</item>
        <item >85</item>
        <item >170</item>
        <item >205</item>
        <item >240</item>
        <item >360+10</item>
        <item >600+25</item>
        <item >1200+70</item>
        <item >1800+105</item>
        <item >2400+180</item>
    </string-array>
    
     <!-- 原货币 -->
    <string-array name="e_fortumo_currencyvalue_ru">
        <item >50</item>
        <item >70</item>
        <item >140</item>
        <item >170</item>
        <item >200</item>
        <item >300</item>
        <item >500</item>
        <item >1000</item>
        <item >1500</item>
        <item >2000</item>
    </string-array>
    
    <!-- 游戏币 -->
    <string-array name="e_fortumo_gamecurrency_de">
        <item >60</item>
        <item >120</item>
        <item >185</item>
        <item >250</item>
        <item >315</item>
        <item >505</item>
        <item >635</item>
    </string-array>
    
    <string-array name="e_fortumo_currencyvalue_de">
        <item >0.99</item>
        <item >1.99</item>
        <item >2.99</item>
        <item >3.99</item>
        <item >4.99</item>
        <item >7.99</item>
        <item >9.99</item>
    </string-array>
    
</resources>
