<?xml version="1.0" encoding="utf-8"?>
<resources>

    <string name="epd_game">Игра:</string>
    <string name="epd_game_info">Информация</string>
    <string name="epd_game_name">Игра:</string>
    <string name="epd_game_server">Сервер:</string>
    <string name="epd_game_role">персонаж </string>
    <string name="epd_game_description">Описание</string>
    <string name="epd_game_down_count_des_before">Скачали </string>
    <string name="epd_game_down_count_des_after"> людей</string>
    <string name="epd_download">Скачать</string>
    <string name="epd_member_id">ID члена </string>
    <string name="epd_level">Ур.:</string>
    <string name="epd_medal">Медаль </string>
    <string name="epd_toast_medal">Медаль</string>
    <string name="epd_vip">VIP:</string>
    <string name="epd_introduce">Нажать</string>
    <string name="epd_notice">Объявления</string>
    <string name="epd_guide">Руководство</string>
    <string name="epd_news">Новости</string>
    <string name="epd_events">События</string>
    <string name="epd_delete">Удалить</string>
    <string name="epd_submit_question">Задать</string>
    <string name="epd_question_type_notify_text">Тип</string>
    <string name="epd_question_screen_short_notify_text">Добавить фото</string>
    <string name="epd_question_no_screen_short_notify_text">Фото ещё не загружено</string>
    <string name="epd_question_email_notify_text">Почтовый ящик</string>
    <string name="epd_question_title">Тема</string>
    <string name="epd_question_description">Описание</string>
    <string name="epd_cs_title_limitation">Содержащие не более 100 символов</string>
    <string name="epd_cs_email_limitation">Содержащие не более 100 символов</string>
    <string name="epd_question_description_limitation">Содержащие не более 1500 символов</string>
    <string name="epd_question_type_qs_undefine">Не сортировано</string>
    <string name="epd_question_type_account">Аккаунт</string>
    <string name="epd_question_type_recharge">Платежи</string>
    <string name="epd_question_type_guides">Руководство</string>
    <string name="epd_question_type_activity">Акции</string>
    <string name="epd_question_type_feedback">Ощибки</string>
    <string name="epd_question_type_other">Другие</string>
    <string name="epd_cs_normal_question">Обычные вопросы</string>
    <string name="epd_cs_normal_question_des">Здесь вы можете просмотреть обычные вопросы</string>
    <string name="epd_cs_asking">У меня вопрос</string>
    <string name="epd_cs_asking_des">Мы будем помогать вам как можно скорее</string>
    <string name="epd_cs_reply">Мои вопросы</string>
    <string name="epd_cs_reply_des">Здесь вы можете просмотреть заданные вопросы</string>
    <string name="epd_cs_pic_add">+</string>
    <string name="epd_cs_pic_delete">-</string>
    <string name="epd_persion_collect_data">Личная информация</string>
    <string name="epd_persion_collect_data_des">Добавьте личную информацию, чтобы получить богатую награду.</string>
    <string name="epd_persion_collect_data_des_sec">Заполните личную информацию</string>
    <string name="epd_persion_gift_center">Центр подарков</string>
    <string name="epd_persion_gift_center_des">Масса подарков, пойдите и получите!</string>
    <string name="epd_persion_knock_egg">Гачапон</string>
    <string name="epd_persion_knock_egg_des">Нажми Гачапон, чтобы выиграть  приз!</string>
    <string name="epd_persion_version">Версия</string>
    <string name="epd_gift_center">Центр подарков</string>
    <string name="epd_gift_has_got">Получено</string>
    <string name="epd_gift_has_used">Использовано</string>
    <string name="epd_gift_has_unused">Не используется</string>
    <string name="epd_gift_rule">Подарочное задание</string>
    <string name="epd_gift_des">Деталь</string>
    <string name="epd_gift_end_time">Законченное время</string>
    <string name="epd_gift_surplus">Осталось:</string>
    <string name="epd_gift_type">Тип:</string>
    <string name="epd_gift_get_now">Получить</string>
    <string name="epd_gift_code">Номер:</string>
    <string name="epd_gift_secret">Пароль</string>
    <string name="epd_gift_deadlines">Последний Срок</string>
    <string name="epd_gift_notify">Нажми номер кода, чтобы его копировать!</string>
    <string name="epd_copy_successfully">Копировано</string>
    <string name="epd_version">Версия</string>
    <string name="epd_package_size">Размер:</string>
    <string name="epd_summary">Новости</string>
    <string name="epd_website">Website</string>
    <string name="epd_fans_page">Facebook</string>
    <string name="epd_network_error">Устройство находится в автономном режиме</string>
    <string name="epd_request_error">Ощибка системы, повторите попытку!</string>
    <string name="epd_timeout_error">Тайм-аут!  Повторите попытку</string>
    <string name="epd_empty_error">Не получены данные, повторите попытку позже</string>
    <string name="epd_title_back_demo">ABC</string>
    <string name="epd_title_summary">Новости</string>
    <string name="epd_title_game">Игры</string>
    <string name="epd_title_persion">Личный центр</string>
    <string name="epd_title_persion_acquisition">Личная информация</string>
    <string name="epd_title_store">Платёж</string>
    <string name="epd_title_cs">Обсуждение клиента</string>
    <string name="epd_title_cs_questions">Обычные вопросы</string>
    <string name="epd_title_gift">Центр подарков</string>
    <string name="epd_title_cs_ask">У меня вопрос</string>
    <string name="epd_title_cs_reply">Мои вопросы</string>
    <string name="epd_title_cs_reply_detail">Ответы</string>

	<string name="epd_title_web_level">О уровне</string>
	<string name="epd_title_web_medal_info">Членство</string>
	<string name="epd_title_web_vip_info">VIP</string>
	<string name="epd_title_web_knock_egg">Гачапон</string>
    
    <string name="epd_store_return">Главная</string>
    <string name="epd_thumb_error">Ваше устройство это не поддерживает!</string>
	<string name="epd_camera_crop_error">Ваше устройство не поддерживает кроить, сделайте в официальный сайт!</string>
	
	<string name="epd_cs_empty_title">Введите тему</string>
	<string name="epd_cs_empty_advice">Введите описание</string>
	<string name="epd_cs_empty_system_error">Ощибка системы</string>
	
	<string name="epd_cs_limited_title">Тема не более 100 символов</string>
	<string name="epd_cs_limited_advice">Содержение не более 1500 символов</string>
	<string name="epd_cs_limited_email">Почта не более 100 символов</string>
	<string name="epd_cs_error_email">Введите адрес почты</string>

	<string name="epd_cs_reply_detail_content">Контент</string>
	<string name="epd_cs_shot_photos">Сфотографировать</string>
	<string name="epd_cs_shot_local_photos">Выбрать фото</string>
	<string name="epd_role_cs">Клиент</string>
	<string name="epd_role_self">Я</string>
	

	<string name="epd_cs_submit_success">Задано</string>
	<string name="epd_cs_pic_upload_success">Загружено</string>

	<string name="epd_wechat">WeChat</string>
	<string name="epd_line">Line</string>
	<string name="epd_area">Регион</string>
	<string name="epd_address">Адрес</string>
	<string name="epd_occupation">Профессия</string>
	<string name="epd_boy">мужчина</string>
	<string name="epd_girl">Женщина</string>
	<string name="epd_modify">Редактировать</string>
	
	<string name="epd_summary_first_one">Первая страница</string>
	<string name="epd_summary_last_one">Последняя страница</string>
	
	<string name="epd_receive">Подарочный пакет</string>
	<string name="epd_step_collections">Введите информацию</string>
	<string name="epd_email">Почтовый ящик</string>
	<string name="epd_phone">Телефон</string>
	<string name="epd_save">Сохрать</string>
	<string name="epd_collect_empty_area">Регион(Обязательно)</string>
	<string name="epd_collect_empty_sex">Пол</string>
	<string name="epd_collect_empty_occupation">Профессия(Обязательно)</string>
	<string name="epd_birthday">День рождения</string>
	<string name="epd_like_game">Мой любимый тип игры</string>
	<string name="epd_collect_empty_birthday">День рождения(Обязательно)</string>
	<string name="epd_collect_empty_like_game">Мой любимый тип игры(Обязательно)</string>
	<string name="epd_collect_error_like_game">Пожалуйста, выберите ваш любимый тип игры, максимум-3</string>
	
	<string name="epd_collect_toast_empty_birth">Пожалуйста, введите ваш день рождения</string>
	<string name="epd_collect_toast_empty_area">Выберите регион</string>
	<string name="epd_collect_toast_empty_occupation">Выберите профессию</string>
	<string name="epd_submit">Задать</string>
	
	
	<string name="epd_notification_modify_nothing">Нет редактируемого контента</string>
	<string name="epd_notification_scan_gifts">Провери на центре подарков</string>
	
	<string name="epd_hint_cs_reply_delete">Подтвердите удалить？</string>
	
	<string name="epd_float_hint_hide">Снова войдите в игре, чтобы посмотреть после сокрытия</string>
	<string name="epd_float_hint_confirm">Подтвердить</string>
	<string name="epd_float_hint_cancel">Отменить</string>
	
	<string name="epd_serial">Номер</string>
	
	<string name="epd_uninstalled_google_play">Пожалуйста, загрузите Google Play сначала</string>
	
	<string name="epd_notice_close">Закрыть</string>
	<string name="epd_notice_go_to_look">Скачать</string>
	<string name="epd_notice_change_one">Сменить</string>
	<string name="epd_notice_toast_error_gift">Пожалуйста, скачайте игру, войдите через данной аккаунт, потом можно получить подарки. </string>
	<string name="epd_notice_text_not_show_today">Сегодня больше не отображается.</string>
	<string name="epd_notice_cancel">Отменить</string>
	<string name="epd_person_extra_gift">Бонус</string>
	<string name="epd_notice_close_tips">Чтобы снова открыть эту страницу, нужно нажать на личный кабинет  ->Бонус.</string>
	<string name="epd_notice_accomplish_finish_tips">Выполнив задания можно получить больше наград.</string>
	<string name="epd_notice_reviewed_stop">Срок получения награды</string>
	<string name="epd_notice_get_gift_success">Получено!</string>
	
    <string-array name="epd_pop_per_info_pic">
        <item>Сфотографировать</item>
        <item>Выбрать фото</item>
    </string-array>
    
    <string-array name="epd_cs_problem_kinds">
        <item>Обычные вопросы</item>
        <item>Учётная запись</item>
        <item>Платежи</item>
    </string-array>
    <string-array name="epd_gift_title_kinds">
        <item>Бесплатные подарки</item>
        <item>Мои подарки</item>
    </string-array>
</resources>