<?xml version="1.0" encoding="utf-8"?>
<resources>
    
    <!--
          平台接口域名
	明文：http://pfvn.aseugame.com/
	密文：tAnUpzsm9Nll27JrSP2wDFEZH+orysCerG2iaq+L4RU=
	-->	
    <string name="vn_epd_url_platform">tAnUpzsm9Nll27JrSP2wDFEZH+orysCerG2iaq+L4RU=</string>
    
    <!--
         平台WEB域名
	明文：http://vn.aseugame.com/
	密文：vSEUBLeQSlPZlQVNgPLOYZ5JPLXe6xS7
	-->
    <string name="vn_epd_url_web">vSEUBLeQSlPZlQVNgPLOYZ5JPLXe6xS7</string>
    
    <!--
    Game工程域名
	明文：http://gamevn.aseugame.com/
	密文：3u26iowWIEQ3plpgGlcKzrgK5NLHJpjO8vH4FmFGvoY=
	-->

    <string name="vn_epd_url_game">3u26iowWIEQ3plpgGlcKzrgK5NLHJpjO8vH4FmFGvoY=</string>
    <!--
	储值域名
	明文：http://payvn.aseugame.com/
	密文：tAnUpzsm9NlD4qzHg1MgSFASixJxZSSw2o37ycZIpy4=
	-->
    <string name="vn_epd_url_pay">tAnUpzsm9NlD4qzHg1MgSFASixJxZSSw2o37ycZIpy4=</string>
    
    <!--
	图片上传域名
	明文：http://imgivn.aseugame.com/
	密文：sYPslozWft1WgUPn48PnmLgK5NLHJpjO8vH4FmFGvoY=
	-->
    <string name="vn_epd_url_img">sYPslozWft1WgUPn48PnmLgK5NLHJpjO8vH4FmFGvoY=</string>
    
    <!--
	FB工程域名
	明文：http://fbvn.aseugame.com/
	密文：2cII0PuW6+sygWgLFioUhFEZH+orysCerG2iaq+L4RU=
	-->
    <string name="vn_epd_url_fb">2cII0PuW6+sygWgLFioUhFEZH+orysCerG2iaq+L4RU=</string>
    
    <!-- 
    cdn 路径
	明文：http://sdk.downloadvn.aseugame.com/
	密文：ya0os0W4hbr8UhJa3KsYfLuRxtOV8YRouArk0scmmM7y8fgWYUa+hg==
 	-->
 	<string name="vn_epd_path_cdn">ya0os0W4hbr8UhJa3KsYfLuRxtOV8YRouArk0scmmM7y8fgWYUa+hg==</string>
 	<!--
 	server 路径
	明文：http://sdkvn.downloadvn.aseugame.com/
	密文：ya0os0W4hbra/Ia5gnx1U/JT73DhMup2x0pQ6ZTdjdadAvpbjsyN7g==
	-->
    <string name="vn_epd_path_server">ya0os0W4hbra/Ia5gnx1U/JT73DhMup2x0pQ6ZTdjdadAvpbjsyN7g==</string>
    
    <!-- CDN/Server域名和文件之间的路径 -->
    <string name="vn_epd_path_platform_type">vnap</string>
    <!-- 地区标志 -->
    <string name="vn_epd_platform">vn</string>
    <!-- 图片上传地区标志 -->
    <string name="vn_epd_img_upload_platform">pfvn</string>
</resources>
