<resources>


    <!--  platfom style -->
    <style name="EpdDialog" parent="@android:style/Theme.Dialog">
        <item name="android:windowBackground">@android:color/transparent</item>
        <item name="android:windowFrame">@null</item>
        <item name="android:windowNoTitle">true</item>
        <item name="android:windowIsFloating">true</item>
        <item name="android:windowIsTranslucent">true</item>
        <item name="android:windowContentOverlay">@null</item>
        <item name="android:backgroundDimEnabled">true</item>
    </style>

    
    <style name="photoDialog" parent="@android:Theme.Dialog">
        <item name="android:windowFrame">@null</item>
        <item name="android:windowNoTitle">true</item> 
        <item name="android:windowIsFloating">true</item>
        <item name="android:windowContentOverlay">@null</item>
    </style>
    
    
  <style name="ChoosePhotoTypeDialog" parent="@android:style/Theme.Dialog">
    <item name="android:windowFrame">@null</item> <!--Dialog的windowFrame框为无 -->  
    <item name="android:windowIsFloating">true</item><!-- 是否漂现在activity上-->  
    <item name="android:windowIsTranslucent">false</item><!-- 是否半透明 -->  
    <item name="android:windowNoTitle">true</item><!--隐藏标题栏--> 
    <item name="android:background">@android:color/transparent</item>  
    <item name="android:windowBackground">@android:color/transparent</item><!--这儿用@android:color/transparent，否则的话这儿出来后有一个黑色的背景--> 
    <item name="android:backgroundDimEnabled">false</item><!-- dim:模糊的 阴影效果 -->  
  </style>  
  
    <style name="dateDialog" parent="android:Theme.Holo.Light.Dialog">
        <item name="android:windowNoTitle">true</item>
        <item name="android:windowBackground">@android:color/transparent</item>
</style>

</resources>
