<?xml version='1.0' encoding='UTF-8'?>
<resources>
    <style name="Transparent">
        <item name="android:windowBackground">@color/transparent</item>
        <item name="android:windowIsTranslucent">true</item>
        <item name="android:windowAnimationStyle">@+android:style/Animation.Translucent</item>
    </style>
    
    <color name="logo_title">#98999b</color>

    
    <dimen name="option_item_marginLeft">10dip</dimen>
    <dimen name="portrait_common_text_size">15sp</dimen>
    <dimen name="option_item_marginTop">65dip</dimen>

    <style name="text_color_is_yellow">
        <item name="android:textColor">#FFffff00</item>
    </style>

    <dimen name="portrait_add_text_size">14sp</dimen>

    <style name="textview_0" parent="@android:style/TextAppearance">
        <item name="android:textSize">25sp</item>
        <item name="android:textColor">@color/white</item>
        <item name="android:textStyle">bold</item>
    </style>

    <style name="option_margin_style">
        <item name="android:layout_marginTop">0dip</item>
        <item name="android:layout_marginBottom">15dip</item>
        <item name="android:layout_marginLeft">10dip</item>
        <item name="android:layout_marginRight">10dip</item>
    </style>

    <style name="option_textview_style">
        <item name="android:textSize">16sp</item>
        <item name="android:textStyle">bold</item>
        <item name="android:textColor">#FF000000</item>
    </style>

    <style name="option_item_margin_style">
        <item name="android:layout_marginTop">10dip</item>
        <item name="android:layout_marginBottom">10dip</item>
        <item name="android:layout_marginLeft">10dip</item>
        <item name="android:layout_marginRight">10dip</item>
    </style>

    <style name="option_edittext_style">
        <item name="android:textSize">16sp</item>
        <item name="android:background">@null</item>
        <item name="android:textColor">#FF000000</item>
    </style>

    <style name="option_required_style">
        <item name="android:textSize">16sp</item>
        <item name="android:background">@null</item>
        <item name="android:textColor">#FF0000</item>
    </style>

    <style name="option_margin_padding_style">

        

        <item name="android:paddingTop">10dip</item>
        <item name="android:paddingBottom">10dip</item>
        <item name="android:paddingLeft">10dip</item>
        <item name="android:paddingRight">10dip</item>
    </style>

    

<color name="com_facebook_blue">#3B5998</color><color name="com_facebook_usersettingsfragment_connected_text_color">#FFFFFF</color><color name="com_facebook_usersettingsfragment_connected_shadow_color">#000000</color><color name="com_facebook_usersettingsfragment_not_connected_text_color">#A6AED7</color><dimen name="com_facebook_usersettingsfragment_profile_picture_width">64dp</dimen><dimen name="com_facebook_usersettingsfragment_profile_picture_height">64dp</dimen><dimen name="com_facebook_loginview_padding_left">12dip</dimen><dimen name="com_facebook_loginview_padding_right">16dp</dimen><dimen name="com_facebook_loginview_padding_top">12dp</dimen><dimen name="com_facebook_loginview_padding_bottom">12dp</dimen><dimen name="com_facebook_loginview_compound_drawable_padding">12dp</dimen><color name="com_facebook_loginview_text_color">#FFFFFF</color><dimen name="com_facebook_loginview_text_size">16.0sp</dimen><dimen name="com_facebook_profilepictureview_preset_size_small">50dp</dimen><dimen name="com_facebook_profilepictureview_preset_size_normal">100dp</dimen><dimen name="com_facebook_profilepictureview_preset_size_large">180dp</dimen><dimen name="com_facebook_tooltip_horizontal_padding">10dp</dimen><style name="com_facebook_loginview_default_style" parent="@android:style/Widget.Button">
        <item name="android:layout_width">wrap_content</item><item name="android:layout_height">wrap_content</item><item name="android:background">@drawable/com_facebook_button_blue</item><item name="android:textColor">@color/com_facebook_loginview_text_color</item><item name="android:textSize">@dimen/com_facebook_loginview_text_size</item><item name="android:textStyle">bold</item><item name="android:paddingLeft">@dimen/com_facebook_loginview_padding_left</item><item name="android:gravity">center</item></style><style name="com_facebook_loginview_silver_style" parent="@android:style/Widget.Button">
        <item name="android:width">205dp</item><item name="android:height">44dp</item><item name="android:background">@drawable/com_facebook_loginbutton_silver</item><item name="android:textSize">18sp</item><item name="android:textStyle">bold</item><item name="android:textColor">#4B5164</item><item name="android:gravity">center</item></style><style name="tooltip_bubble_text">
	    <item name="android:textColor">@android:color/white</item><item name="android:gravity">left</item><item name="android:textSize">12sp</item><item name="android:shadowDy">-1</item><item name="android:shadowRadius">0.25</item><item name="android:shadowColor">#40000000</item></style></resources>