<?xml version="1.0" encoding="utf-8"?>
<resources>

    <color name="payone">#C1D7EE</color>
    <color name="paytwo">#A8C6E6</color>
    <color name="paythree">#8FB5DE</color>
    <color name="payfour">#7BA8D9</color>
    <color name="payfive">#518BCC</color>
    <color name="paysix">#3675BA</color>
    <color name="transparent">#00000000</color>
    <color name="bg">#3eb5fc</color>
    <color name="textview_blue">#005dbc</color>
    <color name="font_white">#000000</color>
    <color name="red_background">#B92428</color>
    <color name="black">#ff000000</color>
    <color name="white">#ffffff</color>
    <color name="menu_bg">#4c4c4c</color>
    <color name="menu_line">#30769e</color>
    <color name="personalInfo_line">#d4d4d4</color>
    <color name="settingInfo_before_line">#ffffff</color>
    <color name="settingInfo_after_line">#d4d4d4</color>
    <color name="personalInfo_left_text">#d4d4d4</color>
    <color name="personalInfo_center_text">#3eb5fc</color>
    <color name="transparent_background">#50000000</color>
    <color name="blue_botton_normal">#009FFD</color>
    <color name="blue_botton_focus">#29588e</color>
    <color name="apkmanger_bottom_btnbd">#009FFD</color>
    <color name="orange">#ff9900</color>
    <color name="gray">#333333</color>
    <color name="listItemView_TypeTVText">#616161</color>
    <color name="listItemView_scoreTVText">#FCAE03</color>
    <color name="apkmangercontentTitle_line">#E9E9E9</color>
    <color name="apkmangercontentTitle_right">#54A930</color>
    <color name="persona_central_memberValue">#FA9010</color>
    <color name="persona_central_memberIDValue">#FA9010</color>
    <color name="persona_central_bottom_btnbg">#01A0FE</color>
    <color name="persona_central_level_basic_value_bg">#E8E8E8</color>
    <color name="persona_central_level_basic_value_text_color">#FC900B</color>
    <color name="red">#CC0033</color>
   <color name="efun_platform_en_multi_green">#61A000</color>
    <color name="efun_platform_en_multi_black">#ff000000</color>
    <color name="efun_platform_en_multi_transparent">#00000000</color>
	<color name="efun_platform_en_multi_bg">#3eb5fc</color>
	<color name="efun_platform_en_multi_white">#ffffff</color>
	<color name="efun_platform_en_multi_menu_bg">#4c4c4c</color>
	<color name="efun_platform_en_multi_msg_content_bg">#ebebeb</color>
	<color name="efun_platform_en_multi_msg_content_text">#717171</color>
	<color name="efun_platform_en_multi_menu_line">#30769e</color>
	<color name="efun_platform_en_multi_transparent_background">#50000000</color>
	<color name="efun_platform_en_multi_platform_announcements_transparent_background">#D0000000</color>
	<color name="efun_platform_en_multi_blue_botton_normal">#009FFD</color>
	<color name="efun_platform_en_multi_blue_botton_focus">#29588e</color>
	<color name="efun_platform_en_multi_orange">#ff9900</color>
	<color name="efun_platform_en_multi_gray">#333333</color>
	<color name="efun_platform_en_multi_listItemView_TypeTVText">#616161</color>
	<color name="efun_platform_en_multi_listItemView_scoreTVText">#FCAE03</color>
	<color name="efun_platform_en_multi_settingInfo_before_line">#ffffff</color>
	<color name="efun_platform_en_multi_settingInfo_after_line">#d4d4d4</color>
	<color name="efun_platform_en_multi_persona_central_memberValue">#FA9010</color>
	<color name="efun_platform_en_multi_persona_central_memberIDValue">#FA9010</color>
	<color name="efun_platform_en_multi_persona_central_bottom_btnbg">#01A0FE</color>
	<color name="efun_platform_en_multi_persona_central_level_basic_value_bg">#E8E8E8</color>
	<color name="efun_platform_en_multi_persona_central_level_basic_value_text_color">#FC900B</color>
	<color name="efun_platform_en_multi_persona_central_level_bar_bg_color">#CCCCCC</color>
	<color name="efun_platform_en_multi_persona_central_level_bar_current_bg_color">#65CC00</color>
	<color name="efun_platform_en_multi_account_info_level_basic_value_bg">#9DD9FD</color>
	<color name="efun_platform_en_multi_account_info_instructions_bg">#2863A5</color>
	<color name="efun_platform_en_multi_account_info_center_body_bg_color">#59C0FB</color>
	<color name="efun_platform_en_multi_account_info_member_level_value_text_color">#C5F958</color>
	<color name="efun_platform_en_multi_account_info_medal_level_value_text_color">#59FA94</color>
	<color name="efun_platform_en_multi_account_info_vip_level_value_text_color">#FABE55</color>
	<color name="efun_platform_en_multi_account_app_manager_body_bg_color">#59C0FB</color>
	<color name="efun_platform_en_multi_platform_announcements_title_value_color">#FFFF02</color>
    
</resources>