<?xml version="1.0" encoding="utf-8"?>
<resources>
    
    <color name="e_fortumo_coinsvalue_color">#FFD317</color>
    <color name="e_fortumo_gamecurrency_color">#077870</color>
    
    <string name="e_fortumo_gamecurrency">золота</string>
    <string name="e_fortumo_gameurl">http://vk.com/ww3tank</string>
    
     <!-- 原货币 -->
    <string-array name="e_fortumo_currencyvalue_ru">
        <item >50</item>
        <item >70</item>
        <item >140</item>
        <item >170</item>
        <item >200</item>
        <item >300</item>
        <item >500</item>
        <item >1000</item>
        <item >1500</item>
        <item >2000</item>
    </string-array>
    

    
</resources>
