<?xml version="1.0" encoding="utf-8"?>
<resources>

    <!-- 表示应用上架的平台 -->
    <string name="efunAppPlatform">e00001</string>
    <!-- facebook appid 809765525703038  293140780806173 -->
    <string name="efunFBApplicationId">893666464088414</string>
    <!-- 谷歌分析追踪 -->
    <string name="efunGoogleAnalyticsTrackingId"> UA-72378351-1</string>
    <!-- 游戏编码 -->
    <string name="efunGameCode">rujda</string>
    <!-- 游戏编简称 -->
    <string name="efunGameShortName">rujda</string>
    <!-- 秘钥 -->
    <string name="efunAppKey">EBE874292E18D625EA4E6E0A1B8DBBDA</string>
    <!-- 登入首选地址 -->
    <string name="efunLoginPreferredUrl">http://loginru.app4gamer.com/</string>
    <!-- 登入备用地址 -->
    <string name="efunLoginSpareUrl">http://loginru.app4gamer.com/</string>
    <!-- 广告首选地址 -->
    <string name="efunAdsPreferredUrl">http://adru.app4gamer.com/</string>
    <!-- 广告备用地址 -->
    <string name="efunAdsSpareUrl">http://adru.app4gamer.com/</string>
    <!-- 储值获取首选地址 -->
    <string name="efunPayPreferredUrl">http://payru.app4gamer.com/</string>
    <!-- 储值备用地址 -->
    <string name="efunPaySpareUrl">http://payru.app4gamer.com/</string>
    <!-- FB工程首选域名 -->
    <string name="efunFbPreferredUrl">http://fbru.app4gamer.com/</string>
    <!-- FB工程备用域名 -->
    <string name="efunFbSpareUrl">http://fbru.app4gamer.com/</string>
    <!-- Game工程首选域名 -->
    <string name="efunGamePreferredDomainUrl">http://gameru.app4gamer.com/</string>
    <!-- Game工程备用域名 -->
    <string name="efunGameSpareDomainUrl">http://gameru.app4gamer.com/</string>
    <!-- 下载cnd首选域名 -->
    <string name="efundownloadPreferredUr">http://sdk.downloadru.app4gamer.com</string>
    <!-- 下载cnd备用域名 -->
    <string name="efundownloadSpareUrl">http://sdkru.downloadru.app4gamer.com</string>

    <!-- google分析接入广告的类类名 -->
    <string name="efunGAListenerName">com.efun.os.sdk.ads.GAAdvert</string>
    <!-- S2S接入广告的类类名 -->
    <string name="efunS2SListenerName">com.efun.os.sdk.ads.S2SAdvert</string>
    <!-- 登录监听的类类名 -->
    <string name="efunLoginListenerName">com.efun.os.sdk.listeners.SdkListener</string>
    <!-- 事件监听 -->
    <string name="efunEventListenerName">com.efun.os.sdk.listeners.EventListener</string>
    <!-- 屏幕方向  ""空为横屏，“v”为竖屏 -->
    <string name="efunScreenOrientation"></string>
    <!-- 语言种类 -->
    <string name="efunLanguage">ru_RU</string>
    <!-- 地区前缀 -->
    <string name="efunPrefixName"></string>
    <!-- 活动邀请标志 -->
    <string name="efunActivityCode"></string>
    <string name="efun_invite_like_url"></string>
    <!-- 渠道相关 -->
    <string name="efunChannelEnable"></string>
    <string name="efunChannelPayForm"></string>
    <string name="efunChannelAdvertiser"></string>
    <string name="efunChannelPartner"></string>
    <!-- 谷歌储值错误提示 -->
    <string name="efunGoogleServerError">服务请求超时，请重试</string>
    <string name="efunGoogleBuyFailError">充值错误</string>
    <string name="efunGoogleStoreError">您所在的地区不支持谷歌钱包服务</string>

</resources>