﻿<?xml version="1.0" encoding="UTF-8"?>
<resources>

    <!-- invitation -->
    <string name="ru_ru_title_invite">Facebook Приглашение</string>
    <string name="ru_ru_button_send_invite">Facebook приглашение</string>
    <string name="ru_ru_button_check_rewards">Facebook приглашение</string>
    <string name="ru_ru_title_nums">Facebook приглашение</string>
    <string name="ru_ru_title_introduce">Facebook приглашение</string>
    <!-- bill -->
    <string name="ru_ru_cancel">Отменить</string>
    <string name="ru_ru_buy">Покупать</string>
    <string name="ru_ru_text_one">Подтверждайте покупать через Google Wallet</string>
    <string name="ru_ru_text_two"></string>
    <string name="ru_ru_text_three">за цену</string>
    <string name="ru_ru_text_four">？</string>
    <string name="ru_ru_payone">USD 0.99 = 60 золота</string>
    <string name="ru_ru_paytwo">USD 4.99 = 300 золота</string>
    <string name="ru_ru_paythree">USD 9.99 = 600 золота </string>
    <string name="ru_ru_payfour">USD 19.99 = 1200 золота</string>
    <string name="ru_ru_payfive">USD 49.99 = 3050 золота</string>
    <string name="ru_ru_paysix">USD 99.99 = 6200 золота</string>
    <!-- button -->
    <string name="ru_ru_button_facebook">Войти через Facebook</string>
    <string name="ru_ru_button_vk">Войти через ВКонтакте</string>
    <string name="ru_ru_button_mac">Войти как гость</string>
    <string name="ru_ru_button_for_more_account">Войти через другие методы</string>
    <string name="ru_ru_button_login_btn">Войти</string>
    <string name="ru_ru_button_register_text_1">Нет аккаунты?</string>
    <string name="ru_ru_button_register_text_2">Зарегистрироваться</string>
    <string name="ru_ru_button_register_btn">Регистрация</string>
    <string name="ru_ru_button_reset_pwd_btn">Изменить пароль</string>
    <string name="ru_ru_button_retrieve_pwd_btn">Восстановить пароль</string>
    <string name="ru_ru_button_bind_account_btn">Привязка аккаунта</string>
    <string name="ru_ru_button_bind_mac_btn">Привязать к аккаунту</string>
    <string name="ru_ru_button_bind_fb_btn">Привязать Facebook</string>
    <string name="ru_ru_button_bind_vk_btn">Привязать Вконтакте</string>
    <!-- title -->
    <string name="ru_ru_title_google">G o o g l e</string>
    <string name="ru_ru_title_web">Веб-Сайт</string>
    <string name="ru_ru_title_web_vk_fans">Страница фанатов</string>
    <string name="ru_ru_title_login">Войти</string>
    <string name="ru_ru_title_register">Регистрация</string>
    <string name="ru_ru_title_reset_pwd">Изменить пароль</string>
    <string name="ru_ru_title_retrieve_pwd">Восстановить пароль</string>
    <string name="ru_ru_title_bind_account">Привязать аккаунт</string>
    <!-- SDK -->
    <string name="ru_ru_hint_account">Логин</string>
    <string name="ru_ru_hint_password">Пароль</string>
    <string name="ru_ru_hint_old_password">Старый пароль</string>
    <string name="ru_ru_hint_cnew_password">Подтвердите пароль</string>
    <string name="ru_ru_hint_confirn_password">Повторите</string>
    <string name="ru_ru_hint_email">Электронная почта(необязательный)</string>
    <string name="ru_ru_hint_forget_email">Электронная почта</string>
    <string name="ru_ru_hint_email_address">Электронная почта</string>
    <string name="ru_ru_hint_new_password">Новый пароль</string>
    <string name="ru_ru_hint_confirm_new_password">Повторите</string>
    <string name="ru_ru_progress_msg">Загрузка&#8230;</string>
    <string name="ru_ru_notify_internet_time_out">Время соединения с сервером истекло.</string>
    <string name="ru_ru_toast_empty_account">Введите на аккаунт</string>
    <string name="ru_ru_toast_empty_password">Подтвердите новый пароль</string>
    <string name="ru_ru_toast_empty_confirm_password">Повторите ввести пароль</string>
    <string name="ru_ru_toast_empty_old_password">Введите Старый ароль</string>
    <string name="ru_ru_toast_empty_new_password">Введите новый пароль</string>
    <string name="ru_ru_toast_empty_confirm_new_password">Подтвердите новый пароль</string>
    <string name="ru_ru_toast_empty_email">Введите электроенную почту</string>
    <string name="ru_ru_toast_frond_behind_password_different">Пароли не совпадают. Введите снова, пожалуйста.</string>
    <string name="ru_ru_toast_login_format_error">Аккаунт не начнёт с 09、efun、yh. Если не сходится, просите снова введить.</string>
    <string name="ru_ru_toast_email_match">Неправильная форма почты</string>
    <!-- SDK bind facebook -->
    <string name="ru_ru_toast_bind_facebook_user_other_account">Просите войти через аккаунт facebook, который хотите првязываться.</string>
    <string name="ru_ru_toast_bind_facebook_user_this_account_title">Аккаунт facebook %1$s. Призавяться или нет?</string>
    <!-- Сообщения об ошибках пополнения баланса Google -->
    <string name="ru_ru_efunGoogleServerError">Время соединения с сервером истекло. Повторите попытку позже.</string>
    <string name="ru_ru_efunGoogleBuyFailError">Оплатить не удалось</string>
    <string name="ru_ru_efunGoogleStoreError">Google Кошелёк в вашем регионе не поддерживают.</string>
    <!-- подсказка при покупке на Google -->
    <string name="ru_ru_efunGooglePlaySelectNothing">Просите выбрать продукт</string>
    <!-- сообщение о приглашении друзей -->
    <string name="ru_ru_efun_introduce_message">Нажмите на кнопку FB, чтобы ввести в официальный форум</string>
    <string name="ru_ru_efun_introduce_message_landscape">При нажатии на ссылку ввести Facebook страницу.</string>
    <string name="ru_ru_efun_invite_message">Присоединиться к нам</string>
    <string name="ru_ru_Facebook">Facebook</string>
    <string name="ru_ru_efun_invite_fans">Facebook  фан-страница</string>
    <string name="ru_ru_efun_invite_prize">Друзья</string>
    <string name="ru_ru_efun_invite_prize_1">Подарок для приглашения</string>
    <string name="ru_ru_efun_invite_check">Подарок</string>
    <string name="ru_ru_efun_invite_friendlist">Приглашение друзей</string>
    <string name="ru_ru_efun_invited_count">%s</string>
    <string name="ru_ru_efun_invite_send_request">Отправить приглашениея</string>
    <string name="ru_ru_efun_invite_condition">Запрос：</string>
    <string name="ru_ru_efun_invite_reward">Подарок：</string>
    <string name="ru_ru_efun_invite_title">Приглашение друзей</string>
    <string name="ru_ru_efun_over50_notic">Отправить более 50 приглашений не могут на раз.</string>
    <string name="ru_ru_efun_over_cycletimes_notic1">Вы уже отправили приглашения более %. Отправите завтра.</string>
    <string name="ru_ru_efun_over_cycletimes_notic2">Отправить приглашение не удалось.Сегодня осталось %1$s. В настоящее время, количество приглашению %2$s.</string>
    <string name="ru_ru_efun_fb_canceled">Отменить просьбу</string>
    <string name="ru_ru_efun_fb_error">Ощибка сети</string>
    <string name="ru_ru_efun_repeat_notic">Друг, кто был приглашен, не будет появляться.</string>
    <string name="ru_ru_efun_nofriend_notic">Пригласить всех друзей</string>
    <string name="ru_ru_efun_invite_fail">Отправить приглашение не удалось. Пригласите снова</string>
    <string name="ru_ru_efun_FB_login_fail">Войти на Facebook не удалось</string>
    <string name="ru_ru_efun_loading_friendlist">Получить список друзей</string>
    <string name="ru_ru_efun_not_select_notic">Выбирайте друзей</string>
    <string name="ru_ru_efun_invite_success">Успешно пригласить друзей</string>
    <string name="ru_ru_efun_reward_success">Получили подарок</string>
    <string name="ru_ru_efun_reward_fail">Получиль подарок не удалось</string>
    <string name="ru_ru_efun_reward_condition_not_reach">Еще не достигли требования для получения.</string>

</resources>