<?xml version="1.0" encoding="utf-8"?>
<selector xmlns:android="http://schemas.android.com/apk/res/android" >
    <item android:drawable="@drawable/epd_notices_selected_btn_focus" android:state_checked="true"></item>
    <item android:drawable="@drawable/epd_notices_selected_btn_focus" android:state_selected="true"></item>
    <item android:drawable="@drawable/epd_notices_selected_btn_focus" android:state_pressed="true"></item>
    <item android:drawable="@drawable/epd_notices_selected_normal"></item>
</selector>
