<?xml version="1.0" encoding="utf-8"?>
<manifestConfig xmlns:android="http://schemas.android.com/apk/res/android">
    
    <applicationCfg keyword="adbrix">
    <!-- sdk begin -->
    <!-- IGAWorks GCM Broadcast Receiver -->
        <receiver
            android:name="com.igaworks.liveops.pushservice.LiveOpsGCMBroadcastReceiver"
            android:permission="com.google.android.c2dm.permission.SEND" >
            <intent-filter>
                <action android:name="com.google.android.c2dm.intent.RECEIVE" />

                <category android:name="YOUR_PACKAGE_NAME" />
            </intent-filter>
        </receiver>

        <!-- IGAWorks Push Service -->
        <service
            android:name="com.igaworks.liveops.pushservice.GCMIntentService"
            android:enabled="true" />

        <!-- Client Push App Receiver -->
        <receiver
            android:name="com.igaworks.liveops.pushservice.LiveOpsReceiver"
            android:permission="YOUR_PACKAGE_NAME.permission.C2D_MESSAGE" >
            <intent-filter>
                <action android:name="com.igaworks.liveops.pushservice.CLIENT_PUSH_RECEIVE" />
            </intent-filter>
        </receiver>
        

        <receiver
            android:name="com.rsdk.framework.MasterInstallTrackerReceiver"
            android:exported="true" >
            <intent-filter>
                <action android:name="com.android.vending.INSTALL_REFERRER" />
            </intent-filter>
        </receiver>
          
    <!-- sdk end -->
	</applicationCfg>
    <permissionCfg>
        <uses-permission android:name="android.permission.INTERNET" />
    	<uses-permission android:name="android.permission.ACCESS_NETWORK_STATE" />
    	<uses-permission android:name="android.permission.WRITE_EXTERNAL_STORAGE" />
        <uses-permission android:name="android.permission.GET_ACCOUNTS"/>
        <uses-permission android:name="android.permission.WAKE_LOCK"/>
        <uses-permission android:name="android.permission.VIBRATE"/>
        <uses-permission android:name="android.permission.GET_TASKS"/>
        <uses-permission android:name="com.google.android.c2dm.permission.RECEIVE"/>
    </permissionCfg>
</manifestConfig> 
